_func_name, asm, assignment, bitwise, branch_case, branch_if, branch_ternary, branch_total, broken_dowhile, cast, comma, cond_depth, fix, goto, if_depth, if_in_loop, invalid_form, invalid_funccall, invalid_ir, invalid_jump, label, loc, local, lol, loop_depth, loop_dowhile, loop_for, loop_total, loop_while, operator, prop_branch_case, prop_branch_if, prop_branch_ternary, prop_loop_dowhile, prop_loop_for, prop_loop_while, ref_direct, ref_structured, strcmp, token, undefined, unimplemented, unknown, unknown_op, 
sub_404120, 0, 26, 0, 0, 4, 0, 4, 0, 4, 0, 2, 0, 0, 2, 0, 0, 0, 0, 0, 0, 73, 17, 17, 2, 1, 4, 1, 3, 55, 0.0, 1.0, 0.0, 0.5, 0.25, 0.25, 10, 15, 0, 307, 0, 0, 0, 0, 
sub_401ae0, 0, 1, 0, 0, 0, 0, 0, 0, 0, 0, 0, 0, 0, 0, 0, 0, 0, 0, 0, 0, 8, 2, 6, 0, 0, 0, 0, 0, 0, 0, 0, 0, 0, 0, 0, 0, 0, 0, 10, 0, 0, 0, 0, 
sub_403cf0, 0, 11, 0, 0, 4, 0, 4, 0, 0, 0, 0, 0, 0, 2, 0, 0, 0, 0, 0, 0, 47, 8, 8, 1, 0, 1, 0, 1, 8, 0.0, 1.0, 0.0, 1.0, 0.0, 0.0, 4, 7, 0, 98, 0, 0, 0, 0, 
sub_401b00, 0, 4, 0, 0, 5, 0, 5, 0, 0, 0, 5, 0, 0, 3, 0, 0, 0, 0, 0, 0, 38, 4, 24, 0, 0, 1, 1, 1, 19, 0.0, 1.0, 0.0, 0.0, 0.0, 1.0, 5, 0, 0, 110, 0, 0, 0, 0, 
sub_4038f0, 0, 48, 0, 11, 2, 0, 13, 0, 0, 0, 0, 0, 0, 1, 0, 0, 0, 0, 0, 0, 126, 23, 16, 0, 0, 0, 0, 0, 1, 0.8461538461538461, 0.15384615384615385, 0.0, 0, 0, 0, 40, 36, 0, 469, 0, 0, 0, 0, 
sub_403270, 0, 1, 0, 0, 0, 1, 1, 0, 0, 0, 0, 0, 0, 0, 0, 0, 0, 0, 0, 0, 8, 2, 12, 0, 0, 0, 0, 0, 2, 0.0, 0.0, 1.0, 0, 0, 0, 3, 0, 0, 20, 0, 0, 0, 0, 
sub_404df0, 0, 7, 0, 0, 0, 0, 0, 0, 0, 0, 0, 0, 0, 0, 0, 0, 0, 0, 0, 0, 22, 3, 6, 0, 0, 0, 0, 0, 0, 0, 0, 0, 0, 0, 0, 1, 0, 0, 33, 0, 0, 0, 0, 
sub_403080, 0, 33, 1, 0, 9, 0, 9, 0, 3, 0, 2, 0, 0, 3, 0, 0, 0, 0, 0, 0, 100, 20, 18, 0, 0, 0, 0, 0, 17, 0.0, 1.0, 0.0, 0, 0, 0, 8, 11, 0, 255, 1, 0, 0, 0, 
sub_4037c0, 0, 7, 0, 0, 2, 0, 2, 0, 0, 0, 2, 0, 0, 1, 0, 0, 0, 0, 0, 0, 29, 7, 9, 0, 0, 0, 0, 0, 6, 0.0, 1.0, 0.0, 0, 0, 0, 6, 0, 0, 66, 1, 0, 0, 0, 
sub_404200, 0, 80, 0, 0, 43, 0, 43, 0, 11, 0, 18, 0, 0, 7, 0, 0, 0, 0, 0, 0, 304, 42, 51, 3, 0, 4, 1, 2, 138, 0.0, 1.0, 0.0, 0.75, 0.0, 0.25, 50, 41, 0.0, 996, 3, 0, 1, 0, 
sub_403280, 0, 6, 11, 0, 0, 2, 2, 0, 1, 0, 0, 0, 0, 0, 0, 0, 0, 0, 0, 0, 19, 8, 30, 0, 0, 0, 0, 0, 23, 0.0, 0.0, 1.0, 0, 0, 0, 4, 0, 0, 94, 0, 0, 0, 0, 
sub_404ef0, 0, 9, 0, 0, 6, 0, 6, 0, 0, 0, 4, 0, 0, 2, 0, 0, 0, 0, 0, 0, 40, 8, 13, 0, 0, 0, 0, 0, 13, 0.0, 1.0, 0.0, 0, 0, 0, 4, 0, 0, 96, 1, 0, 0, 0, 
sub_403220, 0, 1, 0, 0, 0, 0, 0, 0, 0, 0, 0, 0, 0, 0, 0, 0, 0, 0, 0, 0, 6, 1, 5, 0, 0, 0, 0, 0, 0, 0, 0, 0, 0, 0, 0, 1, 0, 0, 12, 0, 0, 0, 0, 
sub_40173b, 0, 2, 0, 0, 1, 0, 1, 0, 0, 0, 0, 0, 0, 1, 0, 0, 0, 0, 0, 0, 11, 1, 6, 0, 0, 0, 0, 0, 0, 0.0, 1.0, 0.0, 0, 0, 0, 1, 0, 0, 16, 0, 0, 0, 0, 
sub_401ba0, 0, 18, 0, 0, 5, 0, 5, 0, 0, 0, 4, 0, 0, 2, 0, 0, 0, 0, 0, 0, 64, 23, 23, 0, 0, 0, 0, 0, 13, 0.0, 1.0, 0.0, 0, 0, 0, 0, 0, 0, 138, 0, 0, 0, 0, 
sub_404eb0, 0, 1, 0, 0, 0, 0, 0, 0, 0, 0, 0, 0, 0, 0, 0, 0, 0, 0, 0, 0, 6, 1, 5, 0, 0, 0, 0, 0, 0, 0, 0, 0, 0, 0, 0, 0, 0, 0, 10, 0, 0, 0, 0, 
sub_403f30, 0, 4, 0, 0, 2, 0, 2, 0, 0, 0, 2, 0, 0, 1, 0, 0, 0, 3, 0, 0, 18, 4, 24, 0, 0, 0, 0, 0, 4, 0.0, 1.0, 0.0, 0, 0, 0, 0, 0, 0, 48, 0, 0, 0, 0, 
sub_401cb0, 0, 24, 0, 0, 5, 0, 5, 0, 0, 0, 0, 0, 0, 5, 0, 0, 0, 0, 0, 0, 72, 15, 15, 0, 0, 2, 2, 1, 23, 0.0, 1.0, 0.0, 0.0, 0.0, 1.0, 8, 4, 0, 187, 0, 0, 0, 0, 
sub_401d50, 0, 6, 10, 0, 7, 3, 10, 0, 0, 0, 18, 0, 0, 3, 0, 0, 0, 0, 0, 0, 40, 6, 83, 0, 0, 0, 0, 0, 77, 0.0, 0.7, 0.3, 0, 0, 0, 4, 28, 0, 279, 0, 0, 1, 0, 
sub_4032e0, 0, 7, 0, 0, 2, 2, 4, 0, 0, 0, 2, 0, 0, 1, 0, 0, 0, 0, 0, 0, 26, 7, 9, 0, 0, 0, 0, 0, 10, 0.0, 0.5, 0.5, 0, 0, 0, 5, 2, 0, 76, 0, 0, 0, 0, 
sub_403750, 0, 8, 0, 0, 1, 0, 1, 0, 0, 0, 0, 0, 0, 1, 0, 0, 0, 0, 0, 0, 25, 9, 5, 0, 0, 0, 0, 0, 1, 0.0, 1.0, 0.0, 0, 0, 0, 0, 0, 0, 46, 0, 0, 0, 0, 
sub_401e50, 0, 479, 89, 311, 121, 3, 435, 0, 42, 0, 40, 0, 0, 9, 0, 0, 0, 0, 0, 0, 1041, 92, 199, 4, 0, 8, 4, 4, 604, 0.7149425287356321, 0.27816091954022987, 0.006896551724137931, 0.5, 0.0, 0.5, 71, 3, 0, 4073, 13, 0, 0, 0, 
sub_403eb0, 0, 6, 0, 0, 2, 0, 2, 0, 0, 0, 2, 0, 0, 1, 0, 0, 0, 3, 0, 0, 22, 6, 20, 0, 0, 0, 0, 0, 5, 0.0, 1.0, 0.0, 0, 0, 0, 0, 0, 0, 58, 0, 0, 0, 0, 
sub_405748, 0, 3, 0, 0, 1, 0, 1, 0, 0, 0, 0, 0, 0, 1, 0, 0, 0, 0, 0, 0, 19, 3, 6, 0, 0, 1, 1, 1, 1, 0.0, 1.0, 0.0, 0.0, 0.0, 1.0, 4, 1, 0, 37, 0, 0, 0, 0, 
sub_4040e0, 0, 0, 0, 0, 0, 0, 0, 0, 0, 0, 0, 0, 0, 0, 0, 0, 0, 0, 0, 0, 7, 0, 5, 0, 0, 0, 0, 0, 0, 0, 0, 0, 0, 0, 0, 0, 0, 0, 15, 0, 0, 0, 0, 
sub_404090, 0, 1, 0, 0, 0, 0, 0, 0, 0, 0, 0, 0, 0, 0, 0, 0, 0, 0, 0, 0, 7, 2, 4, 0, 0, 0, 0, 0, 0, 0, 0, 0, 0, 0, 0, 0, 0, 0, 10, 0, 0, 0, 0, 
sub_403490, 0, 11, 0, 0, 4, 0, 4, 0, 0, 0, 0, 0, 0, 2, 0, 0, 0, 0, 0, 0, 39, 3, 13, 0, 0, 1, 1, 1, 6, 0.0, 1.0, 0.0, 0.0, 0.0, 1.0, 6, 7, 0, 101, 0, 0, 0, 0, 
sub_403310, 0, 6, 0, 0, 0, 1, 1, 0, 0, 0, 0, 0, 0, 0, 0, 0, 0, 0, 0, 0, 19, 8, 9, 0, 0, 0, 0, 0, 2, 0.0, 0.0, 1.0, 0, 0, 0, 7, 3, 0, 59, 0, 0, 0, 0, 
sub_403d50, 0, 20, 0, 0, 4, 0, 4, 0, 0, 0, 4, 0, 0, 1, 0, 0, 0, 0, 0, 0, 57, 18, 21, 0, 0, 1, 1, 1, 12, 0.0, 1.0, 0.0, 0.0, 0.0, 1.0, 3, 0, 0, 127, 1, 0, 0, 0, 
main_401600, 0, 5, 0, 0, 5, 0, 5, 0, 0, 0, 2, 0, 0, 3, 0, 0, 0, 0, 0, 0, 46, 6, 11, 0, 0, 0, 0, 0, 6, 0.0, 1.0, 0.0, 0, 0, 0, 0, 0, 0, 110, 0, 0, 0, 0, 
sub_405660, 0, 10, 1, 0, 2, 0, 2, 0, 0, 0, 3, 0, 0, 2, 0, 0, 0, 0, 0, 0, 45, 12, 13, 0, 0, 0, 0, 0, 8, 0.0, 1.0, 0.0, 0, 0, 0, 0, 8, 0, 97, 0, 0, 0, 0, 
sub_4033ab, 0, 20, 0, 0, 1, 1, 2, 0, 0, 0, 0, 0, 0, 1, 0, 0, 0, 0, 0, 0, 51, 23, 9, 0, 0, 0, 0, 0, 4, 0.0, 0.5, 0.5, 0, 0, 0, 13, 6, 0, 148, 0, 0, 0, 0, 
sub_404040, 0, 1, 0, 0, 0, 0, 0, 0, 0, 0, 0, 0, 0, 0, 0, 0, 0, 0, 0, 0, 7, 2, 4, 0, 0, 0, 0, 0, 0, 0, 0, 0, 0, 0, 0, 0, 0, 0, 10, 0, 0, 0, 0, 
sub_404f70, 0, 6, 2, 0, 5, 0, 5, 0, 1, 0, 3, 0, 0, 2, 0, 0, 0, 0, 0, 0, 28, 3, 19, 0, 0, 0, 0, 0, 14, 0.0, 1.0, 0.0, 0, 0, 0, 4, 0, 0, 85, 0, 0, 0, 0, 
sub_4055a0, 0, 4, 0, 0, 3, 0, 3, 0, 0, 0, 3, 0, 0, 3, 0, 0, 0, 0, 0, 0, 21, 4, 20, 0, 0, 0, 0, 0, 7, 0.0, 1.0, 0.0, 0, 0, 0, 1, 0, 0, 66, 0, 0, 0, 0, 
sub_40410c, 0, 0, 0, 0, 0, 0, 0, 0, 0, 0, 0, 0, 0, 0, 0, 0, 0, 0, 0, 0, 4, 0, 3, 0, 0, 0, 0, 0, 0, 0, 0, 0, 0, 0, 0, 0, 0, 0, 5, 0, 0, 0, 0, 
sub_404fd0, 0, 18, 0, 0, 3, 0, 3, 0, 0, 0, 2, 0, 0, 2, 0, 0, 0, 0, 0, 0, 54, 14, 12, 0, 0, 2, 2, 1, 13, 0.0, 1.0, 0.0, 0.0, 0.0, 1.0, 8, 4, 0, 139, 0, 0, 0, 0, 
sub_401791, 0, 7, 0, 0, 2, 0, 2, 0, 0, 0, 0, 0, 0, 2, 0, 0, 0, 0, 0, 0, 34, 9, 12, 0, 0, 1, 1, 1, 7, 0.0, 1.0, 0.0, 0.0, 0.0, 1.0, 1, 0, 0, 67, 0, 0, 0, 0, 
sub_404ed0, 0, 2, 0, 0, 0, 0, 0, 0, 0, 0, 0, 0, 0, 0, 0, 0, 0, 0, 0, 0, 9, 3, 5, 0, 0, 0, 0, 0, 0, 0, 0, 0, 0, 0, 0, 0, 0, 0, 15, 0, 0, 0, 0, 
sub_404e70, 0, 1, 0, 0, 0, 0, 0, 0, 0, 0, 0, 0, 0, 0, 0, 0, 0, 0, 0, 0, 6, 1, 5, 0, 0, 0, 0, 0, 0, 0, 0, 0, 0, 0, 0, 0, 0, 0, 10, 0, 0, 0, 0, 
sub_4032c0, 0, 2, 0, 0, 0, 2, 2, 0, 1, 0, 0, 0, 0, 0, 0, 0, 0, 0, 0, 0, 10, 3, 15, 0, 0, 0, 0, 0, 6, 0.0, 0.0, 1.0, 0, 0, 0, 4, 0, 0, 37, 0, 0, 0, 0, 
sub_404060, 0, 1, 0, 0, 3, 0, 3, 0, 0, 0, 3, 0, 0, 2, 0, 0, 0, 2, 0, 0, 18, 3, 28, 0, 0, 0, 0, 0, 8, 0.0, 1.0, 0.0, 0, 0, 0, 0, 0, 0, 55, 0, 0, 0, 0, 
sub_404e50, 0, 1, 0, 0, 0, 0, 0, 0, 0, 0, 0, 0, 0, 0, 0, 0, 0, 0, 0, 0, 6, 1, 5, 0, 0, 0, 0, 0, 0, 0, 0, 0, 0, 0, 0, 0, 0, 0, 10, 0, 0, 0, 0, 
sub_40369f, 0, 5, 8, 0, 0, 0, 0, 0, 8, 0, 0, 0, 0, 0, 0, 0, 0, 0, 0, 0, 18, 5, 79, 0, 0, 0, 0, 0, 18, 0, 0, 0, 0, 0, 0, 12, 3, 0, 109, 0, 0, 0, 0, 
sub_404e90, 0, 2, 0, 0, 0, 0, 0, 0, 0, 0, 0, 0, 0, 0, 0, 0, 0, 0, 0, 0, 9, 3, 5, 0, 0, 0, 0, 0, 0, 0, 0, 0, 0, 0, 0, 0, 0, 0, 15, 0, 0, 0, 0, 
sub_403e10, 0, 1, 0, 0, 0, 0, 0, 0, 0, 0, 0, 0, 0, 0, 0, 0, 0, 0, 0, 0, 12, 2, 10, 0, 0, 0, 0, 0, 0, 0, 0, 0, 0, 0, 0, 0, 0, 0, 36, 0, 0, 0, 0, 
sub_403e90, 0, 1, 0, 0, 2, 0, 2, 0, 0, 0, 2, 0, 0, 1, 0, 0, 0, 0, 0, 0, 14, 2, 9, 0, 0, 0, 0, 0, 6, 0.0, 1.0, 0.0, 0, 0, 0, 0, 0, 0, 33, 0, 0, 0, 0, 
sub_403610, 0, 8, 0, 0, 1, 0, 1, 0, 0, 0, 0, 0, 0, 1, 0, 0, 0, 0, 0, 0, 25, 9, 5, 0, 0, 0, 0, 0, 1, 0.0, 1.0, 0.0, 0, 0, 0, 0, 0, 0, 46, 0, 0, 0, 0, 
sub_403cd0, 0, 2, 0, 0, 1, 0, 1, 0, 0, 0, 0, 0, 0, 1, 0, 0, 0, 0, 0, 0, 14, 2, 6, 1, 0, 1, 0, 1, 3, 0.0, 1.0, 0.0, 1.0, 0.0, 0.0, 1, 1, 0, 26, 0, 0, 0, 0, 
sub_405620, 0, 1, 1, 0, 1, 0, 1, 0, 0, 0, 3, 0, 0, 1, 0, 0, 0, 0, 0, 0, 11, 3, 18, 0, 0, 0, 0, 0, 6, 0.0, 1.0, 0.0, 0, 0, 0, 1, 0, 0, 30, 0, 0, 0, 0, 
sub_4017f0, 0, 29, 0, 0, 10, 0, 10, 0, 0, 0, 8, 0, 0, 3, 0, 0, 0, 0, 0, 0, 123, 29, 36, 0, 0, 2, 2, 2, 34, 0.0, 1.0, 0.0, 0.0, 0.0, 1.0, 6, 2, 0.0, 375, 0, 0, 0, 0, 
sub_404820, 0, 137, 16, 0, 64, 2, 66, 0, 9, 0, 38, 0, 0, 7, 0, 0, 0, 0, 0, 0, 432, 60, 195, 0, 0, 2, 2, 1, 307, 0.0, 0.9696969696969697, 0.030303030303030304, 0.0, 0.0, 1.0, 41, 150, 0, 1781, 9, 0, 8, 0, 
sub_4040c0, 0, 1, 0, 0, 0, 0, 0, 0, 0, 0, 0, 0, 0, 0, 0, 0, 0, 0, 0, 0, 8, 3, 4, 0, 0, 0, 0, 0, 0, 0, 0, 0, 0, 0, 0, 0, 0, 0, 14, 0, 0, 0, 0, 
sub_403382, 0, 6, 0, 0, 0, 0, 0, 0, 0, 0, 0, 0, 0, 0, 0, 0, 0, 0, 0, 0, 20, 11, 6, 0, 0, 0, 0, 0, 1, 0, 0, 0, 0, 0, 0, 0, 0, 0, 34, 0, 0, 0, 0, 
sub_401af0, 0, 1, 0, 0, 0, 0, 0, 0, 0, 0, 0, 0, 0, 0, 0, 0, 0, 0, 0, 0, 8, 2, 4, 0, 0, 0, 0, 0, 0, 0, 0, 0, 0, 0, 0, 0, 0, 0, 10, 0, 0, 0, 0, 
sub_405030, 0, 113, 53, 0, 45, 16, 61, 0, 22, 0, 34, 0, 0, 10, 0, 0, 0, 0, 0, 0, 357, 61, 167, 5, 0, 7, 2, 2, 386, 0.0, 0.7377049180327869, 0.26229508196721313, 0.7142857142857143, 0.0, 0.2857142857142857, 122, 34, 0.0, 1886, 3, 0, 2, 0, 
sub_4035a0, 0, 8, 0, 0, 1, 0, 1, 0, 0, 0, 0, 0, 0, 1, 0, 0, 0, 0, 0, 0, 25, 9, 5, 0, 0, 0, 0, 0, 1, 0.0, 1.0, 0.0, 0, 0, 0, 0, 0, 0, 46, 0, 0, 0, 0, 
sub_403ef0, 0, 1, 0, 0, 4, 0, 4, 0, 0, 0, 4, 0, 0, 2, 0, 0, 0, 0, 0, 0, 23, 3, 9, 0, 0, 0, 0, 0, 12, 0.0, 1.0, 0.0, 0, 0, 0, 0, 0, 0, 60, 0, 0, 0, 0, 
sub_403260, 0, 0, 0, 0, 0, 1, 1, 0, 0, 0, 0, 0, 0, 0, 0, 0, 0, 0, 0, 0, 6, 1, 10, 0, 0, 0, 0, 0, 2, 0.0, 0.0, 1.0, 0, 0, 0, 2, 0, 0, 15, 0, 0, 0, 0, 
